planet,mass,diameter,density,gravity,escape_velocity,rotation_period,length_of_day,distance_from_sun,perihelion,aphelion,orbital_period,orbital_velocity,orbital_inclination,orbital_eccentricity,obliquity_to_orbit,mean_temperature,surface_pressure,number_of_moons,has_ring_system,has_global_magnetic_field
Mercury,0.330,4879,5427,3.7,4.3,1407.6,4222.6,57.9,46.0,69.8,88.0,47.4,7.0,0.205,0.034,167,0,0,No,Yes
Venus,4.87,12104,5243,8.9,10.4,-5832.5,2802.0,108.2,107.5,108.9,224.7,35.0,3.4,0.007,177.4,464,92,0,No,No
Earth,5.97,12756,5514,9.8,11.2,23.9,24.0,149.6,147.1,152.1,365.2,29.8,0.0,0.017,23.4,15,1,1,No,Yes
Mars,0.642,6792,3933,3.7,5.0,24.6,24.7,227.9,206.6,249.2,687.0,24.1,1.9,0.094,25.2,-65,0.01,2,No,No
Jupiter,1898,142984,1326,23.1,59.5,9.9,9.9,778.6,740.5,816.6,4331,13.1,1.3,0.049,3.1,-110,Unknown*,79,Yes,Yes
Saturn,568,120536,687,9.0,35.5,10.7,10.7,1433.5,1352.6,1514.5,10747,9.7,2.5,0.057,26.7,-140,Unknown*,62,Yes,Yes
Uranus,86.8,51118,1271,8.7,21.3,-17.2,17.2,2872.5,2741.3,3003.6,30589,6.8,0.8,0.046,97.8,-195,Unknown*,27,Yes,Yes
Neptune,102,49528,1638,11.0,23.5,16.1,16.1,4495.1,4444.5,4545.7,59800,5.4,1.8,0.011,28.3,-200,Unknown*,14,Yes,Yes
Pluto,0.0146,2370,2095,0.7,1.3,-153.3,153.3,5906.4,4436.8,7375.9,90560,4.7,17.2,0.244,122.5,-225,0.00001,5,No,Unknown